{
"meta":{"test_sets":[],"test_metrics":[],"learn_metrics":[{"best_value":"Min","name":"Logloss"}],"launch_mode":"Train","parameters":"","iteration_count":1200,"learn_sets":["learn"],"name":"experiment"},
"iterations":[
{"learn":[0.6876710328],"iteration":0,"passed_time":0.1707583657,"remaining_time":204.7392805},
{"learn":[0.675356463],"iteration":1,"passed_time":0.1824206674,"remaining_time":109.2699798},
{"learn":[0.6737971044],"iteration":2,"passed_time":0.2103647943,"remaining_time":83.93555291},
{"learn":[0.6645305558],"iteration":3,"passed_time":0.2334046617,"remaining_time":69.78799384},
{"learn":[0.6625555409],"iteration":4,"passed_time":0.2548089826,"remaining_time":60.89934683},
{"learn":[0.6598536814],"iteration":5,"passed_time":0.2776922959,"remaining_time":55.26076688},
{"learn":[0.6587221934],"iteration":6,"passed_time":0.3005141243,"remaining_time":51.2161929},
{"learn":[0.6561714726],"iteration":7,"passed_time":0.333437471,"remaining_time":49.68218318},
{"learn":[0.6534972316],"iteration":8,"passed_time":0.3555478868,"remaining_time":47.05083702},
{"learn":[0.65044409],"iteration":9,"passed_time":0.3804037874,"remaining_time":45.2680507},
{"learn":[0.6461763909],"iteration":10,"passed_time":0.4037546476,"remaining_time":43.64220691},
{"learn":[0.6395462201],"iteration":11,"passed_time":0.4479012969,"remaining_time":44.34222839},
{"learn":[0.637736925],"iteration":12,"passed_time":0.4694799528,"remaining_time":42.86713108},
{"learn":[0.6306358037],"iteration":13,"passed_time":0.4943405182,"remaining_time":41.87770389},
{"learn":[0.6283932742],"iteration":14,"passed_time":0.5146873906,"remaining_time":40.66030385},
{"learn":[0.6231916407],"iteration":15,"passed_time":0.5336974482,"remaining_time":39.49361117},
{"learn":[0.6193194857],"iteration":16,"passed_time":0.5530231443,"remaining_time":38.48390469},
{"learn":[0.6126328215],"iteration":17,"passed_time":0.5733381534,"remaining_time":37.6492054},
{"learn":[0.609457848],"iteration":18,"passed_time":0.5927103228,"remaining_time":36.84162585},
{"learn":[0.6083203523],"iteration":19,"passed_time":0.6127033601,"remaining_time":36.14949825},
{"learn":[0.6066797196],"iteration":20,"passed_time":0.6322415187,"remaining_time":35.49584526},
{"learn":[0.6045882308],"iteration":21,"passed_time":0.6511646642,"remaining_time":34.86690793},
{"learn":[0.6040789566],"iteration":22,"passed_time":0.6708945369,"remaining_time":34.33229869},
{"learn":[0.6002293325],"iteration":23,"passed_time":0.6894875469,"remaining_time":33.7848898},
{"learn":[0.5981403115],"iteration":24,"passed_time":0.7140284156,"remaining_time":33.55933553},
{"learn":[0.592627278],"iteration":25,"passed_time":0.7332847363,"remaining_time":33.11062617},
{"learn":[0.589107185],"iteration":26,"passed_time":0.7521099905,"remaining_time":32.6750007},
{"learn":[0.5863907692],"iteration":27,"passed_time":0.7710058214,"remaining_time":32.27210081},
{"learn":[0.5856682788],"iteration":28,"passed_time":0.7891988696,"remaining_time":31.86730608},
{"learn":[0.5840114813],"iteration":29,"passed_time":0.8083118802,"remaining_time":31.52416333},
{"learn":[0.5834653491],"iteration":30,"passed_time":0.8295320952,"remaining_time":31.28138772},
{"learn":[0.5805861704],"iteration":31,"passed_time":0.8487646174,"remaining_time":30.97990854},
{"learn":[0.5760118713],"iteration":32,"passed_time":0.8678921226,"remaining_time":30.69182143},
{"learn":[0.5743054075],"iteration":33,"passed_time":0.8872794812,"remaining_time":30.42846691},
{"learn":[0.5698423636],"iteration":34,"passed_time":0.9064216411,"remaining_time":30.17089177},
{"learn":[0.5656716391],"iteration":35,"passed_time":0.9253160309,"remaining_time":29.91855166},
{"learn":[0.5652440704],"iteration":36,"passed_time":0.9470024377,"remaining_time":29.76659013},
{"learn":[0.5632828842],"iteration":37,"passed_time":0.9663624928,"remaining_time":29.55034781},
{"learn":[0.562221507],"iteration":38,"passed_time":0.9853105224,"remaining_time":29.33193632},
{"learn":[0.5622960752],"iteration":39,"passed_time":1.00454039,"remaining_time":29.13167132},
{"learn":[0.562197919],"iteration":40,"passed_time":1.023170815,"remaining_time":28.92329205},
{"learn":[0.5575531411],"iteration":41,"passed_time":1.041816628,"remaining_time":28.72437275},
{"learn":[0.5562374454],"iteration":42,"passed_time":1.060364501,"remaining_time":28.53120297},
{"learn":[0.5548666518],"iteration":43,"passed_time":1.081484676,"remaining_time":28.41355195},
{"learn":[0.5548896964],"iteration":44,"passed_time":1.106165717,"remaining_time":28.39158672},
{"learn":[0.5539827263],"iteration":45,"passed_time":1.125725071,"remaining_time":28.24101591},
{"learn":[0.5521069719],"iteration":46,"passed_time":1.14394408,"remaining_time":28.06313882},
{"learn":[0.548193618],"iteration":47,"passed_time":1.16305543,"remaining_time":27.91333032},
{"learn":[0.5480952306],"iteration":48,"passed_time":1.182135409,"remaining_time":27.76811951},
{"learn":[0.5478099165],"iteration":49,"passed_time":1.204521416,"remaining_time":27.70399258},
{"learn":[0.5470360635],"iteration":50,"passed_time":1.223169749,"remaining_time":27.55729494},
{"learn":[0.5440153676],"iteration":51,"passed_time":1.241883851,"remaining_time":27.41697426},
{"learn":[0.5439792827],"iteration":52,"passed_time":1.26062675,"remaining_time":27.28186569},
{"learn":[0.539084994],"iteration":53,"passed_time":1.279911157,"remaining_time":27.162559},
{"learn":[0.5377180073],"iteration":54,"passed_time":1.301986753,"remaining_time":27.10499696},
{"learn":[0.5327340156],"iteration":55,"passed_time":1.321235511,"remaining_time":26.99095402},
{"learn":[0.5304217702],"iteration":56,"passed_time":1.341257578,"remaining_time":26.89574406},
{"learn":[0.5254929884],"iteration":57,"passed_time":1.360939627,"remaining_time":26.79643197},
{"learn":[0.5233659415],"iteration":58,"passed_time":1.381028372,"remaining_time":26.70768428},
{"learn":[0.5212528884],"iteration":59,"passed_time":1.399686871,"remaining_time":26.59405055},
{"learn":[0.5179705127],"iteration":60,"passed_time":1.418641285,"remaining_time":26.48905613},
{"learn":[0.5135873456],"iteration":61,"passed_time":1.440405801,"remaining_time":26.43841616},
{"learn":[0.5114630137],"iteration":62,"passed_time":1.460152943,"remaining_time":26.35228406},
{"learn":[0.5103053774],"iteration":63,"passed_time":1.478772039,"remaining_time":26.24820369},
{"learn":[0.5083338117],"iteration":64,"passed_time":1.497345402,"remaining_time":26.14595433},
{"learn":[0.5083825547],"iteration":65,"passed_time":1.515746461,"remaining_time":26.0432801},
{"learn":[0.5074606628],"iteration":66,"passed_time":1.534217301,"remaining_time":25.94430153},
{"learn":[0.5070704066],"iteration":67,"passed_time":1.55283503,"remaining_time":25.85013609},
{"learn":[0.5067637078],"iteration":68,"passed_time":1.571563957,"remaining_time":25.75998312},
{"learn":[0.506137826],"iteration":69,"passed_time":1.590571982,"remaining_time":25.67637628},
{"learn":[0.5048869934],"iteration":70,"passed_time":1.609383468,"remaining_time":25.59146389},
{"learn":[0.4998742388],"iteration":71,"passed_time":1.628325133,"remaining_time":25.51042709},
{"learn":[0.499162933],"iteration":72,"passed_time":1.646660268,"remaining_time":25.4217277},
{"learn":[0.4963485105],"iteration":73,"passed_time":1.671026689,"remaining_time":25.4267034},
{"learn":[0.4955990684],"iteration":74,"passed_time":1.689833283,"remaining_time":25.34749925},
{"learn":[0.4917363],"iteration":75,"passed_time":1.70829577,"remaining_time":25.26479534},
{"learn":[0.4861533965],"iteration":76,"passed_time":1.727662767,"remaining_time":25.19695178},
{"learn":[0.4843941277],"iteration":77,"passed_time":1.746205255,"remaining_time":25.11849098},
{"learn":[0.4823036772],"iteration":78,"passed_time":1.765740765,"remaining_time":25.05563795},
{"learn":[0.4772732294],"iteration":79,"passed_time":1.784282909,"remaining_time":24.97996072},
{"learn":[0.4721425746],"iteration":80,"passed_time":1.80309385,"remaining_time":24.90940764},
{"learn":[0.4713489793],"iteration":81,"passed_time":1.821498185,"remaining_time":24.83457281},
{"learn":[0.4702420103],"iteration":82,"passed_time":1.840766865,"remaining_time":24.77272997},
{"learn":[0.4683851814],"iteration":83,"passed_time":1.859393272,"remaining_time":24.70336776},
{"learn":[0.4647711595],"iteration":84,"passed_time":1.880426469,"remaining_time":24.66677074},
{"learn":[0.4594735609],"iteration":85,"passed_time":1.900682169,"remaining_time":24.62046438},
{"learn":[0.4588312915],"iteration":86,"passed_time":1.919251677,"remaining_time":24.55318525},
{"learn":[0.4547238113],"iteration":87,"passed_time":1.938208541,"remaining_time":24.49190793},
{"learn":[0.4533209463],"iteration":88,"passed_time":1.956602419,"remaining_time":24.42455379},
{"learn":[0.4503090526],"iteration":89,"passed_time":1.975140466,"remaining_time":24.36006575},
{"learn":[0.4497800381],"iteration":90,"passed_time":1.994002509,"remaining_time":24.30053607},
{"learn":[0.4459713354],"iteration":91,"passed_time":2.012457258,"remaining_time":24.23698524},
{"learn":[0.442639074],"iteration":92,"passed_time":2.031091689,"remaining_time":24.17654301},
{"learn":[0.4387346088],"iteration":93,"passed_time":2.050106828,"remaining_time":24.1214697},
{"learn":[0.4348359126],"iteration":94,"passed_time":2.072994543,"remaining_time":24.11219969},
{"learn":[0.4307443187],"iteration":95,"passed_time":2.092157415,"remaining_time":24.05981027},
{"learn":[0.4277940695],"iteration":96,"passed_time":2.111348116,"remaining_time":24.00842239},
{"learn":[0.426417672],"iteration":97,"passed_time":2.130109288,"remaining_time":23.95286158},
{"learn":[0.4259794539],"iteration":98,"passed_time":2.148608944,"remaining_time":23.89513583},
{"learn":[0.4255981752],"iteration":99,"passed_time":2.167208634,"remaining_time":23.83929498},
{"learn":[0.4224149101],"iteration":100,"passed_time":2.187109931,"remaining_time":23.79835459},
{"learn":[0.4220440521],"iteration":101,"passed_time":2.206364993,"remaining_time":23.75087022},
{"learn":[0.4185414408],"iteration":102,"passed_time":2.224771456,"remaining_time":23.694896},
{"learn":[0.4181259438],"iteration":103,"passed_time":2.24490697,"remaining_time":23.65786576},
{"learn":[0.4148613541],"iteration":104,"passed_time":2.264476968,"remaining_time":23.61525981},
{"learn":[0.4145388861],"iteration":105,"passed_time":2.286984218,"remaining_time":23.60340315},
{"learn":[0.4142684764],"iteration":106,"passed_time":2.30861148,"remaining_time":23.58235839},
{"learn":[0.4116486091],"iteration":107,"passed_time":2.329052175,"remaining_time":23.54930532},
{"learn":[0.4087035739],"iteration":108,"passed_time":2.349150299,"remaining_time":23.51305483},
{"learn":[0.4080357206],"iteration":109,"passed_time":2.368363871,"remaining_time":23.46833291},
{"learn":[0.407536842],"iteration":110,"passed_time":2.387582582,"remaining_time":23.424121},
{"learn":[0.4069432332],"iteration":111,"passed_time":2.409474986,"remaining_time":23.40632844},
{"learn":[0.4066023729],"iteration":112,"passed_time":2.430892685,"remaining_time":23.38389689},
{"learn":[0.4062901706],"iteration":113,"passed_time":2.449561871,"remaining_time":23.33529993},
{"learn":[0.405362721],"iteration":114,"passed_time":2.468598229,"remaining_time":23.29068764},
{"learn":[0.4029068006],"iteration":115,"passed_time":2.487671626,"remaining_time":23.24686243},
{"learn":[0.4007151293],"iteration":116,"passed_time":2.506421254,"remaining_time":23.20046341},
{"learn":[0.4006056632],"iteration":117,"passed_time":2.525103205,"remaining_time":23.15391244},
{"learn":[0.3995604715],"iteration":118,"passed_time":2.543928645,"remaining_time":23.10913332},
{"learn":[0.3965822743],"iteration":119,"passed_time":2.562465459,"remaining_time":23.06218913},
{"learn":[0.393792891],"iteration":120,"passed_time":2.581577666,"remaining_time":23.02084547},
{"learn":[0.3933433598],"iteration":121,"passed_time":2.600025294,"remaining_time":22.97399399},
{"learn":[0.3934930154],"iteration":122,"passed_time":2.619328579,"remaining_time":22.93509658},
{"learn":[0.3933096827],"iteration":123,"passed_time":2.638528349,"remaining_time":22.89561696},
{"learn":[0.3927951513],"iteration":124,"passed_time":2.658803289,"remaining_time":22.86570829},
{"learn":[0.3927359064],"iteration":125,"passed_time":2.680795824,"remaining_time":22.85059298},
{"learn":[0.3905835843],"iteration":126,"passed_time":2.716319879,"remaining_time":22.94969473},
{"learn":[0.3867247358],"iteration":127,"passed_time":2.744713027,"remaining_time":22.9869716},
{"learn":[0.3859906208],"iteration":128,"passed_time":2.766844296,"remaining_time":22.97124218},
{"learn":[0.3840480959],"iteration":129,"passed_time":2.792873403,"remaining_time":22.98749647},
{"learn":[0.3820034104],"iteration":130,"passed_time":2.812766527,"remaining_time":22.95303372},
{"learn":[0.3795330254],"iteration":131,"passed_time":2.83217244,"remaining_time":22.91484974},
{"learn":[0.3787075745],"iteration":132,"passed_time":2.851621006,"remaining_time":22.87729033},
{"learn":[0.3759644852],"iteration":133,"passed_time":2.870183683,"remaining_time":22.83295377},
{"learn":[0.3756645062],"iteration":134,"passed_time":2.891526973,"remaining_time":22.81093501},
{"learn":[0.3753542015],"iteration":135,"passed_time":2.910529638,"remaining_time":22.77061423},
{"learn":[0.3731562395],"iteration":136,"passed_time":2.929551918,"remaining_time":22.73075685},
{"learn":[0.373100575],"iteration":137,"passed_time":2.948423045,"remaining_time":22.69003821},
{"learn":[0.3707546312],"iteration":138,"passed_time":2.966835923,"remaining_time":22.64613607},
{"learn":[0.3682400786],"iteration":139,"passed_time":2.985383155,"remaining_time":22.60361531},
{"learn":[0.3666116916],"iteration":140,"passed_time":3.003467951,"remaining_time":22.55796142},
{"learn":[0.3643607149],"iteration":141,"passed_time":3.022002202,"remaining_time":22.51604457},
{"learn":[0.3624682079],"iteration":142,"passed_time":3.04040272,"remaining_time":22.47346626},
{"learn":[0.3619768958],"iteration":143,"passed_time":3.060642995,"remaining_time":22.4447153},
{"learn":[0.360072342],"iteration":144,"passed_time":3.081475874,"remaining_time":22.42039343},
{"learn":[0.359754968],"iteration":145,"passed_time":3.102308082,"remaining_time":22.39611451},
{"learn":[0.3596166912],"iteration":146,"passed_time":3.121640243,"remaining_time":22.36113725},
{"learn":[0.3578825858],"iteration":147,"passed_time":3.141376146,"remaining_time":22.32924125},
{"learn":[0.3560526454],"iteration":148,"passed_time":3.161341103,"remaining_time":22.29912416},
{"learn":[0.3555532362],"iteration":149,"passed_time":3.185747808,"remaining_time":22.30023465},
{"learn":[0.3533268222],"iteration":150,"passed_time":3.207438321,"remaining_time":22.28213774},
{"learn":[0.3534861516],"iteration":151,"passed_time":3.228837115,"remaining_time":22.26198222},
{"learn":[0.3509658973],"iteration":152,"passed_time":3.250599508,"remaining_time":22.24429859},
{"learn":[0.3509604708],"iteration":153,"passed_time":3.271453254,"remaining_time":22.22039029},
{"learn":[0.3485647295],"iteration":154,"passed_time":3.294501032,"remaining_time":22.21131341},
{"learn":[0.3483099738],"iteration":155,"passed_time":3.315184278,"remaining_time":22.18623324},
{"learn":[0.3440148543],"iteration":156,"passed_time":3.337183057,"remaining_time":22.16994859},
{"learn":[0.3424795608],"iteration":157,"passed_time":3.358162603,"remaining_time":22.14686982},
{"learn":[0.3423907737],"iteration":158,"passed_time":3.380936984,"remaining_time":22.13556856},
{"learn":[0.340174686],"iteration":159,"passed_time":3.401245874,"remaining_time":22.10809818},
{"learn":[0.3386929426],"iteration":160,"passed_time":3.422602185,"remaining_time":22.08747621},
{"learn":[0.3374518556],"iteration":161,"passed_time":3.442710015,"remaining_time":22.05884565},
{"learn":[0.3357674482],"iteration":162,"passed_time":3.463291765,"remaining_time":22.03333473},
{"learn":[0.3337968542],"iteration":163,"passed_time":3.483851628,"remaining_time":22.00774565},
{"learn":[0.3322918489],"iteration":164,"passed_time":3.504321069,"remaining_time":21.98165034},
{"learn":[0.3302170728],"iteration":165,"passed_time":3.523914466,"remaining_time":21.95016601},
{"learn":[0.3298724492],"iteration":166,"passed_time":3.543408875,"remaining_time":21.91821178},
{"learn":[0.3282704599],"iteration":167,"passed_time":3.564164711,"remaining_time":21.89415465},
{"learn":[0.3267114147],"iteration":168,"passed_time":3.584330037,"remaining_time":21.86653413},
{"learn":[0.3256663946],"iteration":169,"passed_time":3.603010051,"remaining_time":21.83000207},
{"learn":[0.3231866494],"iteration":170,"passed_time":3.621491207,"remaining_time":21.79248218},
{"learn":[0.3213851926],"iteration":171,"passed_time":3.640134211,"remaining_time":21.75615098},
{"learn":[0.3192830173],"iteration":172,"passed_time":3.658871476,"remaining_time":21.72058385},
{"learn":[0.3162671765],"iteration":173,"passed_time":3.6777634,"remaining_time":21.68612212},
{"learn":[0.3146169847],"iteration":174,"passed_time":3.699188132,"remaining_time":21.66667334},
{"learn":[0.3128730342],"iteration":175,"passed_time":3.718509225,"remaining_time":21.63496276},
{"learn":[0.3111625119],"iteration":176,"passed_time":3.737396758,"remaining_time":21.60088635},
{"learn":[0.310713341],"iteration":177,"passed_time":3.75578442,"remaining_time":21.56411055},
{"learn":[0.3106007753],"iteration":178,"passed_time":3.774591762,"remaining_time":21.52993402},
{"learn":[0.3105668995],"iteration":179,"passed_time":3.792984778,"remaining_time":21.49358041},
{"learn":[0.3102972294],"iteration":180,"passed_time":3.811294562,"remaining_time":21.45695668},
{"learn":[0.3098860953],"iteration":181,"passed_time":3.82967592,"remaining_time":21.42093454},
{"learn":[0.3098694327],"iteration":182,"passed_time":3.848010854,"remaining_time":21.38484721},
{"learn":[0.3098913782],"iteration":183,"passed_time":3.866358704,"remaining_time":21.34902415},
{"learn":[0.3080765442],"iteration":184,"passed_time":3.884925817,"remaining_time":21.314593},
{"learn":[0.3078444937],"iteration":185,"passed_time":3.903547051,"remaining_time":21.28062747},
{"learn":[0.3067181913],"iteration":186,"passed_time":3.924557572,"remaining_time":21.2597691},
{"learn":[0.3067529907],"iteration":187,"passed_time":3.945429393,"remaining_time":21.23816248},
{"learn":[0.3067617403],"iteration":188,"passed_time":3.965208906,"remaining_time":21.21072066},
{"learn":[0.3055395746],"iteration":189,"passed_time":3.987060456,"remaining_time":21.194374},
{"learn":[0.3043698033],"iteration":190,"passed_time":4.006806753,"remaining_time":21.16684824},
{"learn":[0.3032508194],"iteration":191,"passed_time":4.026613841,"remaining_time":21.13972267},
{"learn":[0.3032738459],"iteration":192,"passed_time":4.047897968,"remaining_time":21.12037955},
{"learn":[0.3033564525],"iteration":193,"passed_time":4.06870744,"remaining_time":21.09855508},
{"learn":[0.3020862917],"iteration":194,"passed_time":4.090271492,"remaining_time":21.08063},
{"learn":[0.3008538082],"iteration":195,"passed_time":4.110116814,"remaining_time":21.05386368},
{"learn":[0.3005084272],"iteration":196,"passed_time":4.128987982,"remaining_time":21.02220785},
{"learn":[0.2972061247],"iteration":197,"passed_time":4.147583891,"remaining_time":20.98928818},
{"learn":[0.2962209977],"iteration":198,"passed_time":4.166370614,"remaining_time":20.95747228},
{"learn":[0.2944004571],"iteration":199,"passed_time":4.18546758,"remaining_time":20.9273379},
{"learn":[0.2942873245],"iteration":200,"passed_time":4.203747487,"remaining_time":20.89325243},
{"learn":[0.2939771008],"iteration":201,"passed_time":4.225566705,"remaining_time":20.87680976},
{"learn":[0.2940416491],"iteration":202,"passed_time":4.247994191,"remaining_time":20.86330152},
{"learn":[0.2925530256],"iteration":203,"passed_time":4.270117267,"remaining_time":20.8482196},
{"learn":[0.2909595078],"iteration":204,"passed_time":4.290520178,"remaining_time":20.82471989},
{"learn":[0.2906404368],"iteration":205,"passed_time":4.310079898,"remaining_time":20.79718165},
{"learn":[0.2903750186],"iteration":206,"passed_time":4.331274184,"remaining_time":20.77756167},
{"learn":[0.288853541],"iteration":207,"passed_time":4.352245703,"remaining_time":20.75686412},
{"learn":[0.2873858766],"iteration":208,"passed_time":4.373746986,"remaining_time":20.7386759},
{"learn":[0.286551479],"iteration":209,"passed_time":4.39321947,"remaining_time":20.71089179},
{"learn":[0.2862751442],"iteration":210,"passed_time":4.411917562,"remaining_time":20.67955672},
{"learn":[0.2860313875],"iteration":211,"passed_time":4.430388151,"remaining_time":20.64728063},
{"learn":[0.2844000294],"iteration":212,"passed_time":4.451484689,"remaining_time":20.62730229},
{"learn":[0.2841629465],"iteration":213,"passed_time":4.472325751,"remaining_time":20.6061364},
{"learn":[0.283653348],"iteration":214,"passed_time":4.493302258,"remaining_time":20.58559407},
{"learn":[0.2822610275],"iteration":215,"passed_time":4.512511123,"remaining_time":20.55699511},
{"learn":[0.2821300122],"iteration":216,"passed_time":4.530606415,"remaining_time":20.52343828},
{"learn":[0.2810620882],"iteration":217,"passed_time":4.549226829,"remaining_time":20.49238874},
{"learn":[0.280279747],"iteration":218,"passed_time":4.567706724,"remaining_time":20.46082327},
{"learn":[0.2783539327],"iteration":219,"passed_time":4.586388264,"remaining_time":20.430275},
{"learn":[0.2768674416],"iteration":220,"passed_time":4.605159847,"remaining_time":20.40023299},
{"learn":[0.2745875592],"iteration":221,"passed_time":4.62418541,"remaining_time":20.3714114},
{"learn":[0.2745159056],"iteration":222,"passed_time":4.64491187,"remaining_time":20.35012958},
{"learn":[0.2739639467],"iteration":223,"passed_time":4.664811587,"remaining_time":20.32525049},
{"learn":[0.273088583],"iteration":224,"passed_time":4.684954149,"remaining_time":20.30146798},
{"learn":[0.2711875303],"iteration":225,"passed_time":4.704426709,"remaining_time":20.27483015},
{"learn":[0.2709779768],"iteration":226,"passed_time":4.723596165,"remaining_time":20.24695625},
{"learn":[0.2699847081],"iteration":227,"passed_time":4.744472458,"remaining_time":20.22643522},
{"learn":[0.2698609944],"iteration":228,"passed_time":4.763974609,"remaining_time":20.20008448},
{"learn":[0.2686906632],"iteration":229,"passed_time":4.783352383,"remaining_time":20.17326874},
{"learn":[0.268873189],"iteration":230,"passed_time":4.802455799,"remaining_time":20.14536653},
{"learn":[0.2686357196],"iteration":231,"passed_time":4.822547324,"remaining_time":20.12166297},
{"learn":[0.2677177537],"iteration":232,"passed_time":4.841836656,"remaining_time":20.09466114},
{"learn":[0.2674754343],"iteration":233,"passed_time":4.861193516,"remaining_time":20.068004},
{"learn":[0.2662433168],"iteration":234,"passed_time":4.881095569,"remaining_time":20.04364776},
{"learn":[0.2660292418],"iteration":235,"passed_time":4.907111122,"remaining_time":20.04430136},
{"learn":[0.2660592357],"iteration":236,"passed_time":4.927285665,"remaining_time":20.02099618},
{"learn":[0.2647106354],"iteration":237,"passed_time":4.94861987,"remaining_time":20.00240468},
{"learn":[0.2632883368],"iteration":238,"passed_time":4.970667257,"remaining_time":19.98665788},
{"learn":[0.2626422984],"iteration":239,"passed_time":5.011863681,"remaining_time":20.04745473},
{"learn":[0.2622832323],"iteration":240,"passed_time":5.0359865,"remaining_time":20.03946495},
{"learn":[0.2622841735],"iteration":241,"passed_time":5.057751206,"remaining_time":20.02200684},
{"learn":[0.2610479259],"iteration":242,"passed_time":5.08036562,"remaining_time":20.00785966},
{"learn":[0.2611152216],"iteration":243,"passed_time":5.102858329,"remaining_time":19.99316624},
{"learn":[0.2608065884],"iteration":244,"passed_time":5.124860877,"remaining_time":19.97649852},
{"learn":[0.2609084924],"iteration":245,"passed_time":5.146138821,"remaining_time":19.95697738},
{"learn":[0.2607101463],"iteration":246,"passed_time":5.167483412,"remaining_time":19.93769916},
{"learn":[0.2607225601],"iteration":247,"passed_time":5.187955669,"remaining_time":19.91505563},
{"learn":[0.2601816368],"iteration":248,"passed_time":5.206557117,"remaining_time":19.88528441},
{"learn":[0.2590858348],"iteration":249,"passed_time":5.224842031,"remaining_time":19.85439972},
{"learn":[0.2591561436],"iteration":250,"passed_time":5.244177277,"remaining_time":19.8275866},
{"learn":[0.2585843268],"iteration":251,"passed_time":5.266997978,"remaining_time":19.81394477},
{"learn":[0.2585135608],"iteration":252,"passed_time":5.288178279,"remaining_time":19.79409024},
{"learn":[0.2575756611],"iteration":253,"passed_time":5.309397511,"remaining_time":19.77437026},
{"learn":[0.2550559923],"iteration":254,"passed_time":5.328593525,"remaining_time":19.74714071},
{"learn":[0.2546054397],"iteration":255,"passed_time":5.349672192,"remaining_time":19.72691621},
{"learn":[0.2533145474],"iteration":256,"passed_time":5.383351622,"remaining_time":19.75292054},
{"learn":[0.2533856203],"iteration":257,"passed_time":5.431263162,"remaining_time":19.83042597},
{"learn":[0.2520806904],"iteration":258,"passed_time":5.451532174,"remaining_time":19.80653195},
{"learn":[0.2512551532],"iteration":259,"passed_time":5.472031462,"remaining_time":19.78349836},
{"learn":[0.2512512489],"iteration":260,"passed_time":5.493282676,"remaining_time":19.7631894},
{"learn":[0.2512257302],"iteration":261,"passed_time":5.513874116,"remaining_time":19.74051115},
{"learn":[0.2512398036],"iteration":262,"passed_time":5.534475526,"remaining_time":19.71788429},
{"learn":[0.2509695982],"iteration":263,"passed_time":5.555126799,"remaining_time":19.69544956},
{"learn":[0.2507796737],"iteration":264,"passed_time":5.576603364,"remaining_time":19.67594017},
{"learn":[0.2508904595],"iteration":265,"passed_time":5.596401163,"remaining_time":19.65052138},
{"learn":[0.250597506],"iteration":266,"passed_time":5.618045891,"remaining_time":19.63159856},
{"learn":[0.2493472346],"iteration":267,"passed_time":5.638665112,"remaining_time":19.60908912},
{"learn":[0.2493686535],"iteration":268,"passed_time":5.662979252,"remaining_time":19.59938172},
{"learn":[0.2485292633],"iteration":269,"passed_time":5.683360768,"remaining_time":19.57602042},
{"learn":[0.2478975172],"iteration":270,"passed_time":5.706211282,"remaining_time":19.56114495},
{"learn":[0.2470450623],"iteration":271,"passed_time":5.726546979,"remaining_time":19.53763087},
{"learn":[0.246691351],"iteration":272,"passed_time":5.747752449,"remaining_time":19.51709348},
{"learn":[0.2457968325],"iteration":273,"passed_time":5.768286913,"remaining_time":19.49428351},
{"learn":[0.2446311736],"iteration":274,"passed_time":5.787955729,"remaining_time":19.46857836},
{"learn":[0.242961697],"iteration":275,"passed_time":5.807993413,"remaining_time":19.44415186},
{"learn":[0.2428401457],"iteration":276,"passed_time":5.829175367,"remaining_time":19.4235699},
{"learn":[0.2426544053],"iteration":277,"passed_time":5.84785745,"remaining_time":19.39469269},
{"learn":[0.2419536237],"iteration":278,"passed_time":5.867268461,"remaining_time":19.36829481},
{"learn":[0.241345866],"iteration":279,"passed_time":5.885940266,"remaining_time":19.33951802},
{"learn":[0.2407254002],"iteration":280,"passed_time":5.905310883,"remaining_time":19.31309858},
{"learn":[0.2398228752],"iteration":281,"passed_time":5.926811665,"remaining_time":19.2936635},
{"learn":[0.2386886767],"iteration":282,"passed_time":5.945386951,"remaining_time":19.2647344},
{"learn":[0.2365858903],"iteration":283,"passed_time":5.963543846,"remaining_time":19.23452874},
{"learn":[0.2366811135],"iteration":284,"passed_time":5.982501695,"remaining_time":19.20697913},
{"learn":[0.2364269322],"iteration":285,"passed_time":6.001268156,"remaining_time":19.17887795},
{"learn":[0.2352861958],"iteration":286,"passed_time":6.020727739,"remaining_time":19.15304678},
{"learn":[0.2345976348],"iteration":287,"passed_time":6.039919075,"remaining_time":19.12641041},
{"learn":[0.232989636],"iteration":288,"passed_time":6.060029124,"remaining_time":19.10272157},
{"learn":[0.2319281039],"iteration":289,"passed_time":6.080722544,"remaining_time":19.08088798},
{"learn":[0.2299300626],"iteration":290,"passed_time":6.100397723,"remaining_time":19.05588155},
{"learn":[0.2283982358],"iteration":291,"passed_time":6.120718805,"remaining_time":19.03292012},
{"learn":[0.2283761361],"iteration":292,"passed_time":6.141616869,"remaining_time":19.0117628},
{"learn":[0.228445504],"iteration":293,"passed_time":6.164123031,"remaining_time":18.99556281},
{"learn":[0.22802269],"iteration":294,"passed_time":6.186185306,"remaining_time":18.97795831},
{"learn":[0.2272455097],"iteration":295,"passed_time":6.208784032,"remaining_time":18.96196204},
{"learn":[0.2263144063],"iteration":296,"passed_time":6.23078782,"remaining_time":18.94411246},
{"learn":[0.2258317036],"iteration":297,"passed_time":6.253699461,"remaining_time":18.92898293},
{"learn":[0.22588642],"iteration":298,"passed_time":6.276848812,"remaining_time":18.91451766},
{"learn":[0.2254150814],"iteration":299,"passed_time":6.300410282,"remaining_time":18.90123085},
{"learn":[0.2244015509],"iteration":300,"passed_time":6.324785132,"remaining_time":18.89030509},
{"learn":[0.2238016545],"iteration":301,"passed_time":6.347530823,"remaining_time":18.87444596},
{"learn":[0.2230311124],"iteration":302,"passed_time":6.370900719,"remaining_time":18.86038926},
{"learn":[0.2226514571],"iteration":303,"passed_time":6.392076934,"remaining_time":18.8398057},
{"learn":[0.2215127943],"iteration":304,"passed_time":6.412292028,"remaining_time":18.81639792},
{"learn":[0.2209113388],"iteration":305,"passed_time":6.435483106,"remaining_time":18.80170554},
{"learn":[0.2208986878],"iteration":306,"passed_time":6.457209626,"remaining_time":18.78269771},
{"learn":[0.2210774212],"iteration":307,"passed_time":6.475718397,"remaining_time":18.75435328},
{"learn":[0.2204703107],"iteration":308,"passed_time":6.494609331,"remaining_time":18.72717448},
{"learn":[0.2205288603],"iteration":309,"passed_time":6.513500119,"remaining_time":18.70004873},
{"learn":[0.2190923661],"iteration":310,"passed_time":6.532110376,"remaining_time":18.67217403},
{"learn":[0.2183538949],"iteration":311,"passed_time":6.550949483,"remaining_time":18.64501007},
{"learn":[0.2183952085],"iteration":312,"passed_time":6.569991081,"remaining_time":18.61847313},
{"learn":[0.2170668957],"iteration":313,"passed_time":6.588701533,"remaining_time":18.59104955},
{"learn":[0.2164887826],"iteration":314,"passed_time":6.607754422,"remaining_time":18.56464338},
{"learn":[0.2165662618],"iteration":315,"passed_time":6.630033572,"remaining_time":18.54730911},
{"learn":[0.2166315164],"iteration":316,"passed_time":6.650508342,"remaining_time":18.52491756},
{"learn":[0.2158898554],"iteration":317,"passed_time":6.669774448,"remaining_time":18.49918573},
{"learn":[0.2151961414],"iteration":318,"passed_time":6.688522169,"remaining_time":18.47206279},
{"learn":[0.2153069725],"iteration":319,"passed_time":6.707101963,"remaining_time":18.4445304},
{"learn":[0.2144811089],"iteration":320,"passed_time":6.725558148,"remaining_time":18.4167153},
{"learn":[0.2142893586],"iteration":321,"passed_time":6.744790291,"remaining_time":18.39107415},
{"learn":[0.2143595144],"iteration":322,"passed_time":6.763561329,"remaining_time":18.3642207},
{"learn":[0.2142602787],"iteration":323,"passed_time":6.782249645,"remaining_time":18.33719348},
{"learn":[0.2139318879],"iteration":324,"passed_time":6.800993961,"remaining_time":18.31036836},
{"learn":[0.2132301863],"iteration":325,"passed_time":6.819742608,"remaining_time":18.28360442},
{"learn":[0.2133139341],"iteration":326,"passed_time":6.839272173,"remaining_time":18.25897433},
{"learn":[0.2123973823],"iteration":327,"passed_time":6.85810819,"remaining_time":18.23253153},
{"learn":[0.2125849267],"iteration":328,"passed_time":6.876433448,"remaining_time":18.20478278},
{"learn":[0.2122345158],"iteration":329,"passed_time":6.894704931,"remaining_time":18.17694936},
{"learn":[0.2116036715],"iteration":330,"passed_time":6.913045544,"remaining_time":18.14935522},
{"learn":[0.2110973446],"iteration":331,"passed_time":6.931662402,"remaining_time":18.12253905},
{"learn":[0.2101837261],"iteration":332,"passed_time":6.950141178,"remaining_time":18.09541262},
{"learn":[0.2100652938],"iteration":333,"passed_time":6.969049815,"remaining_time":18.06945251},
{"learn":[0.2093637795],"iteration":334,"passed_time":6.98879216,"remaining_time":18.04568722},
{"learn":[0.2091752822],"iteration":335,"passed_time":7.009037433,"remaining_time":18.02323911},
{"learn":[0.2090346499],"iteration":336,"passed_time":7.028059712,"remaining_time":17.9976722},
{"learn":[0.2086471058],"iteration":337,"passed_time":7.046797902,"remaining_time":17.9714195},
{"learn":[0.2076935388],"iteration":338,"passed_time":7.065500456,"remaining_time":17.94512063},
{"learn":[0.2067597616],"iteration":339,"passed_time":7.083727217,"remaining_time":17.91766296},
{"learn":[0.2059448209],"iteration":340,"passed_time":7.102136099,"remaining_time":17.89071821},
{"learn":[0.2041824929],"iteration":341,"passed_time":7.120631048,"remaining_time":17.8640393},
{"learn":[0.2035629366],"iteration":342,"passed_time":7.141978806,"remaining_time":17.84453597},
{"learn":[0.2030793328],"iteration":343,"passed_time":7.161108314,"remaining_time":17.81950208},
{"learn":[0.2019178062],"iteration":344,"passed_time":7.186728646,"remaining_time":17.81058838},
{"learn":[0.2004292461],"iteration":345,"passed_time":7.207874097,"remaining_time":17.79053318},
{"learn":[0.2005643886],"iteration":346,"passed_time":7.229559622,"remaining_time":17.7717993},
{"learn":[0.2001488762],"iteration":347,"passed_time":7.253068617,"remaining_time":17.75751282},
{"learn":[0.2001886518],"iteration":348,"passed_time":7.308282492,"remaining_time":17.82048252},
{"learn":[0.2003118312],"iteration":349,"passed_time":7.330715252,"remaining_time":17.80316561},
{"learn":[0.2002253915],"iteration":350,"passed_time":7.352499384,"remaining_time":17.78425065},
{"learn":[0.2003651497],"iteration":351,"passed_time":7.374590685,"remaining_time":17.76605938},
{"learn":[0.2003605839],"iteration":352,"passed_time":7.396399912,"remaining_time":17.74716919},
{"learn":[0.1999008438],"iteration":353,"passed_time":7.416126871,"remaining_time":17.72328625},
{"learn":[0.1986739707],"iteration":354,"passed_time":7.437435086,"remaining_time":17.70319056},
{"learn":[0.1979275292],"iteration":355,"passed_time":7.458947075,"remaining_time":17.68357115},
{"learn":[0.1980500302],"iteration":356,"passed_time":7.478942065,"remaining_time":17.66035899},
{"learn":[0.1977823708],"iteration":357,"passed_time":7.497563901,"remaining_time":17.63393521},
{"learn":[0.1975718565],"iteration":358,"passed_time":7.516915427,"remaining_time":17.60926427},
{"learn":[0.1967617848],"iteration":359,"passed_time":7.536425014,"remaining_time":17.5849917},
{"learn":[0.1960015766],"iteration":360,"passed_time":7.556082504,"remaining_time":17.56108925},
{"learn":[0.1949518622],"iteration":361,"passed_time":7.574889409,"remaining_time":17.53524123},
{"learn":[0.1945057964],"iteration":362,"passed_time":7.596540157,"remaining_time":17.51598929},
{"learn":[0.1946104974],"iteration":363,"passed_time":7.615550396,"remaining_time":17.4906597},
{"learn":[0.194688156],"iteration":364,"passed_time":7.634739249,"remaining_time":17.46577335},
{"learn":[0.1947314179],"iteration":365,"passed_time":7.654746856,"remaining_time":17.44278382},
{"learn":[0.1941966948],"iteration":366,"passed_time":7.680489898,"remaining_time":17.43282857},
{"learn":[0.1939463544],"iteration":367,"passed_time":7.699214201,"remaining_time":17.40691906},
{"learn":[0.1940429655],"iteration":368,"passed_time":7.718421689,"remaining_time":17.38213665},
{"learn":[0.1941326282],"iteration":369,"passed_time":7.738029924,"remaining_time":17.35828334},
{"learn":[0.1935901341],"iteration":370,"passed_time":7.75891189,"remaining_time":17.33729908},
{"learn":[0.1936630835],"iteration":371,"passed_time":7.778625288,"remaining_time":17.31371435},
{"learn":[0.1936745188],"iteration":372,"passed_time":7.797488142,"remaining_time":17.28826459},
{"learn":[0.1931105362],"iteration":373,"passed_time":7.816085639,"remaining_time":17.262264},
{"learn":[0.1926134628],"iteration":374,"passed_time":7.835064762,"remaining_time":17.23714248},
{"learn":[0.1927042852],"iteration":375,"passed_time":7.853887172,"remaining_time":17.21171018},
{"learn":[0.1922050722],"iteration":376,"passed_time":7.872791773,"remaining_time":17.18649239},
{"learn":[0.1917751473],"iteration":377,"passed_time":7.891792687,"remaining_time":17.16151743},
{"learn":[0.1916131093],"iteration":378,"passed_time":7.910921173,"remaining_time":17.13685035},
{"learn":[0.1916296616],"iteration":379,"passed_time":7.929839966,"remaining_time":17.11175993},
{"learn":[0.1917148345],"iteration":380,"passed_time":7.949144954,"remaining_time":17.08753207},
{"learn":[0.1910514153],"iteration":381,"passed_time":7.968330296,"remaining_time":17.06307378},
{"learn":[0.1912322882],"iteration":382,"passed_time":7.987510515,"remaining_time":17.03863209},
{"learn":[0.1909911657],"iteration":383,"passed_time":8.006490531,"remaining_time":17.01379238},
{"learn":[0.1910899455],"iteration":384,"passed_time":8.025761133,"remaining_time":16.98959824},
{"learn":[0.1905797944],"iteration":385,"passed_time":8.045549885,"remaining_time":16.9665223},
{"learn":[0.1893282723],"iteration":386,"passed_time":8.064839924,"remaining_time":16.94241565},
{"learn":[0.1889544697],"iteration":387,"passed_time":8.084499584,"remaining_time":16.91910738},
{"learn":[0.1887508145],"iteration":388,"passed_time":8.105195677,"remaining_time":16.89797865},
{"learn":[0.1888414666],"iteration":389,"passed_time":8.126572306,"remaining_time":16.87826556},
{"learn":[0.1888685769],"iteration":390,"passed_time":8.146135889,"remaining_time":16.85479267},
{"learn":[0.1887230119],"iteration":391,"passed_time":8.165489023,"remaining_time":16.83090595},
{"learn":[0.1888428015],"iteration":392,"passed_time":8.185536341,"remaining_time":16.80846775},
{"learn":[0.1881036159],"iteration":393,"passed_time":8.205773513,"remaining_time":16.78643008},
{"learn":[0.1880359941],"iteration":394,"passed_time":8.225282897,"remaining_time":16.76291831},
{"learn":[0.1872287075],"iteration":395,"passed_time":8.248007435,"remaining_time":16.74595449},
{"learn":[0.1869618893],"iteration":396,"passed_time":8.270016805,"remaining_time":16.7275151},
{"learn":[0.186574854],"iteration":397,"passed_time":8.29098547,"remaining_time":16.70696067},
{"learn":[0.1854939585],"iteration":398,"passed_time":8.311512532,"remaining_time":16.68551764},
{"learn":[0.1849940123],"iteration":399,"passed_time":8.332253805,"remaining_time":16.66450761},
{"learn":[0.1841733185],"iteration":400,"passed_time":8.354185382,"remaining_time":16.64587062},
{"learn":[0.1832993995],"iteration":401,"passed_time":8.376552161,"remaining_time":16.62808116},
{"learn":[0.1833731522],"iteration":402,"passed_time":8.397361072,"remaining_time":16.60718803},
{"learn":[0.1823458406],"iteration":403,"passed_time":8.417606336,"remaining_time":16.58518476},
{"learn":[0.1821662876],"iteration":404,"passed_time":8.437139105,"remaining_time":16.56179158},
{"learn":[0.1822652338],"iteration":405,"passed_time":8.456306875,"remaining_time":16.53770359},
{"learn":[0.1823695636],"iteration":406,"passed_time":8.477114865,"remaining_time":16.5168356},
{"learn":[0.1819858452],"iteration":407,"passed_time":8.496322135,"remaining_time":16.49286061},
{"learn":[0.1815927768],"iteration":408,"passed_time":8.516230014,"remaining_time":16.47026391},
{"learn":[0.1809605153],"iteration":409,"passed_time":8.535952591,"remaining_time":16.44732328},
{"learn":[0.1810989377],"iteration":410,"passed_time":8.55579304,"remaining_time":16.4246246},
{"learn":[0.1804479694],"iteration":411,"passed_time":8.575346954,"remaining_time":16.40139175},
{"learn":[0.1805553187],"iteration":412,"passed_time":8.595010838,"remaining_time":16.37838627},
{"learn":[0.1806956233],"iteration":413,"passed_time":8.615367693,"remaining_time":16.35671258},
{"learn":[0.1801601398],"iteration":414,"passed_time":8.634321936,"remaining_time":16.3323921},
{"learn":[0.1802151581],"iteration":415,"passed_time":8.656944049,"remaining_time":16.31500994},
{"learn":[0.1798869662],"iteration":416,"passed_time":8.675817102,"remaining_time":16.29056305},
{"learn":[0.1794809821],"iteration":417,"passed_time":8.694347197,"remaining_time":16.26550121},
{"learn":[0.1793378381],"iteration":418,"passed_time":8.713570286,"remaining_time":16.24176228},
{"learn":[0.1787726356],"iteration":419,"passed_time":8.731804329,"remaining_time":16.21620804},
{"learn":[0.1789539914],"iteration":420,"passed_time":8.750719075,"remaining_time":16.19194812},
{"learn":[0.1788612109],"iteration":421,"passed_time":8.76967642,"remaining_time":16.16779207},
{"learn":[0.1788774481],"iteration":422,"passed_time":8.788628284,"remaining_time":16.14365054},
{"learn":[0.1789643516],"iteration":423,"passed_time":8.808520027,"remaining_time":16.12125363},
{"learn":[0.1787785624],"iteration":424,"passed_time":8.828124551,"remaining_time":16.09834477},
{"learn":[0.1778619811],"iteration":425,"passed_time":8.847571019,"remaining_time":16.07516425},
{"learn":[0.177292242],"iteration":426,"passed_time":8.868457628,"remaining_time":16.05460831},
{"learn":[0.1770348279],"iteration":427,"passed_time":8.887314438,"remaining_time":16.03038959},
{"learn":[0.1770702144],"iteration":428,"passed_time":8.905908419,"remaining_time":16.00572352},
{"learn":[0.177156677],"iteration":429,"passed_time":8.924325363,"remaining_time":15.98076867},
{"learn":[0.1767707738],"iteration":430,"passed_time":8.945759186,"remaining_time":15.96122695},
{"learn":[0.1763762384],"iteration":431,"passed_time":8.964525386,"remaining_time":15.93693402},
{"learn":[0.1764706133],"iteration":432,"passed_time":8.985668839,"remaining_time":15.9168776},
{"learn":[0.1756671911],"iteration":433,"passed_time":9.004523856,"remaining_time":15.89277713},
{"learn":[0.174979511],"iteration":434,"passed_time":9.024964791,"remaining_time":15.8714898},
{"learn":[0.1741985495],"iteration":435,"passed_time":9.044755401,"remaining_time":15.8490668},
{"learn":[0.1736280933],"iteration":436,"passed_time":9.066147854,"remaining_time":15.82945266},
{"learn":[0.1730645785],"iteration":437,"passed_time":9.088104817,"remaining_time":15.81081249},
{"learn":[0.1726189253],"iteration":438,"passed_time":9.107337695,"remaining_time":15.78743505},
{"learn":[0.1719979315],"iteration":439,"passed_time":9.126416722,"remaining_time":15.7638107},
{"learn":[0.1712439073],"iteration":440,"passed_time":9.145870402,"remaining_time":15.74085178},
{"learn":[0.1710501958],"iteration":441,"passed_time":9.166138966,"remaining_time":15.71930619},
{"learn":[0.1706830991],"iteration":442,"passed_time":9.185636837,"remaining_time":15.6964494},
{"learn":[0.1706172366],"iteration":443,"passed_time":9.205108505,"remaining_time":15.67356313},
{"learn":[0.1693415554],"iteration":444,"passed_time":9.224287202,"remaining_time":15.65019514},
{"learn":[0.1686649865],"iteration":445,"passed_time":9.243682721,"remaining_time":15.62721249},
{"learn":[0.1686827409],"iteration":446,"passed_time":9.271606885,"remaining_time":15.61861294},
{"learn":[0.1681589711],"iteration":447,"passed_time":9.293680628,"remaining_time":15.60010677},
{"learn":[0.1683026237],"iteration":448,"passed_time":9.314623542,"remaining_time":15.57969327},
{"learn":[0.1682252571],"iteration":449,"passed_time":9.336982197,"remaining_time":15.56163699},
{"learn":[0.1675887763],"iteration":450,"passed_time":9.357184644,"remaining_time":15.53998071},
{"learn":[0.1671664814],"iteration":451,"passed_time":9.378024674,"remaining_time":15.51938597},
{"learn":[0.1661455258],"iteration":452,"passed_time":9.400372904,"remaining_time":15.50127717},
{"learn":[0.1654150381],"iteration":453,"passed_time":9.422430771,"remaining_time":15.48267259},
{"learn":[0.1644407731],"iteration":454,"passed_time":9.442653199,"remaining_time":15.46104755},
{"learn":[0.1638992693],"iteration":455,"passed_time":9.46414747,"remaining_time":15.44150377},
{"learn":[0.1635231521],"iteration":456,"passed_time":9.485194189,"remaining_time":15.42122381},
{"learn":[0.1627342178],"iteration":457,"passed_time":9.504842518,"remaining_time":15.398675},
{"learn":[0.162543915],"iteration":458,"passed_time":9.52718327,"remaining_time":15.38048541},
{"learn":[0.1619141339],"iteration":459,"passed_time":9.562210193,"remaining_time":15.38268596},
{"learn":[0.1617766265],"iteration":460,"passed_time":9.606134274,"remaining_time":15.39898748},
{"learn":[0.1610940269],"iteration":461,"passed_time":9.634522085,"remaining_time":15.3902106},
{"learn":[0.1611431326],"iteration":462,"passed_time":9.654694058,"remaining_time":15.3682711},
{"learn":[0.1600243431],"iteration":463,"passed_time":9.676062108,"remaining_time":15.34823645},
{"learn":[0.1600189415],"iteration":464,"passed_time":9.697689471,"remaining_time":15.32860594},
{"learn":[0.1600956196],"iteration":465,"passed_time":9.719771617,"remaining_time":15.30968319},
{"learn":[0.1596747874],"iteration":466,"passed_time":9.740607133,"remaining_time":15.28879021},
{"learn":[0.1584996242],"iteration":467,"passed_time":9.763280918,"remaining_time":15.27077272},
{"learn":[0.1583737678],"iteration":468,"passed_time":9.784553529,"remaining_time":15.25055145},
{"learn":[0.1580902836],"iteration":469,"passed_time":9.806916283,"remaining_time":15.23201891},
{"learn":[0.1579651202],"iteration":470,"passed_time":9.827825865,"remaining_time":15.21122092},
{"learn":[0.1579350196],"iteration":471,"passed_time":9.847177832,"remaining_time":15.18802005},
{"learn":[0.1579570251],"iteration":472,"passed_time":9.868499559,"remaining_time":15.16786296},
{"learn":[0.1581035132],"iteration":473,"passed_time":9.893096947,"remaining_time":15.15271811},
{"learn":[0.1576702777],"iteration":474,"passed_time":9.912348673,"remaining_time":15.12937429},
{"learn":[0.1569851179],"iteration":475,"passed_time":9.932910241,"remaining_time":15.10803995},
{"learn":[0.1556657684],"iteration":476,"passed_time":9.954907783,"remaining_time":15.08888538},
{"learn":[0.155443787],"iteration":477,"passed_time":9.977235701,"remaining_time":15.07021794},
{"learn":[0.1549296657],"iteration":478,"passed_time":9.998428993,"remaining_time":15.04982736},
{"learn":[0.1550054726],"iteration":479,"passed_time":10.02051072,"remaining_time":15.03076609},
{"learn":[0.1544351545],"iteration":480,"passed_time":10.04040206,"remaining_time":15.00841805},
{"learn":[0.1541210498],"iteration":481,"passed_time":10.06015211,"remaining_time":14.98586974},
{"learn":[0.1537837672],"iteration":482,"passed_time":10.08360299,"remaining_time":14.96882681},
{"learn":[0.1528886836],"iteration":483,"passed_time":10.10307187,"remaining_time":14.94586665},
{"learn":[0.1523793208],"iteration":484,"passed_time":10.12484554,"remaining_time":14.92631869},
{"learn":[0.1522946019],"iteration":485,"passed_time":10.14543486,"remaining_time":14.90502158},
{"learn":[0.1517432526],"iteration":486,"passed_time":10.16820505,"remaining_time":14.88692032},
{"learn":[0.1518648844],"iteration":487,"passed_time":10.18875253,"remaining_time":14.86555697},
{"learn":[0.1515668325],"iteration":488,"passed_time":10.21118532,"remaining_time":14.84693817},
{"learn":[0.1516215088],"iteration":489,"passed_time":10.23354901,"remaining_time":14.82820367},
{"learn":[0.1516497871],"iteration":490,"passed_time":10.25502972,"remaining_time":14.80817937},
{"learn":[0.1517977249],"iteration":491,"passed_time":10.27617814,"remaining_time":14.78767098},
{"learn":[0.1517501797],"iteration":492,"passed_time":10.29748742,"remaining_time":14.76739069},
{"learn":[0.1518996663],"iteration":493,"passed_time":10.31961745,"remaining_time":14.74827919},
{"learn":[0.1519861488],"iteration":494,"passed_time":10.34173236,"remaining_time":14.72913396},
{"learn":[0.1512960939],"iteration":495,"passed_time":10.36312811,"remaining_time":14.70895603},
{"learn":[0.1504632155],"iteration":496,"passed_time":10.38477669,"remaining_time":14.68913082},
{"learn":[0.1498512056],"iteration":497,"passed_time":10.40617489,"remaining_time":14.66894533},
{"learn":[0.1499207527],"iteration":498,"passed_time":10.42764298,"remaining_time":14.64885317},
{"learn":[0.1499538836],"iteration":499,"passed_time":10.45068427,"remaining_time":14.63095797},
{"learn":[0.1498671805],"iteration":500,"passed_time":10.46998705,"remaining_time":14.60782625},
{"learn":[0.1497349504],"iteration":501,"passed_time":10.48898545,"remaining_time":14.58428654},
{"learn":[0.1493631413],"iteration":502,"passed_time":10.50820819,"remaining_time":14.56107577},
{"learn":[0.1493060543],"iteration":503,"passed_time":10.52802548,"remaining_time":14.53870185},
{"learn":[0.1494316569],"iteration":504,"passed_time":10.54827551,"remaining_time":14.51693363},
{"learn":[0.1489354263],"iteration":505,"passed_time":10.56821916,"remaining_time":14.49475119},
{"learn":[0.1485512788],"iteration":506,"passed_time":10.59027693,"remaining_time":14.47546729},
{"learn":[0.1482996555],"iteration":507,"passed_time":10.61131919,"remaining_time":14.45478913},
{"learn":[0.1482294116],"iteration":508,"passed_time":10.63061814,"remaining_time":14.4317429},
{"learn":[0.1483333809],"iteration":509,"passed_time":10.65061316,"remaining_time":14.4096531},
{"learn":[0.1482797013],"iteration":510,"passed_time":10.67011144,"remaining_time":14.38690173},
{"learn":[0.1484075569],"iteration":511,"passed_time":10.68900678,"remaining_time":14.36335286},
{"learn":[0.148130595],"iteration":512,"passed_time":10.71070976,"remaining_time":14.34358208},
{"learn":[0.1481285781],"iteration":513,"passed_time":10.73079431,"remaining_time":14.32164376},
{"learn":[0.1476896977],"iteration":514,"passed_time":10.74986569,"remaining_time":14.29836505},
{"learn":[0.1468383427],"iteration":515,"passed_time":10.76868371,"remaining_time":14.27476677},
{"learn":[0.1466500766],"iteration":516,"passed_time":10.78803234,"remaining_time":14.25188798},
{"learn":[0.1466931725],"iteration":517,"passed_time":10.80689159,"remaining_time":14.2283785},
{"learn":[0.1464007175],"iteration":518,"passed_time":10.82739537,"remaining_time":14.20704479},
{"learn":[0.1462658768],"iteration":519,"passed_time":10.87202417,"remaining_time":14.21726238},
{"learn":[0.1463473379],"iteration":520,"passed_time":10.89951902,"remaining_time":14.20493937},
{"learn":[0.1464718845],"iteration":521,"passed_time":10.92062296,"remaining_time":14.18425741},
{"learn":[0.1461755068],"iteration":522,"passed_time":10.94177419,"remaining_time":14.16363504},
{"learn":[0.1460135771],"iteration":523,"passed_time":10.96358434,"remaining_time":14.14386071},
{"learn":[0.1455755487],"iteration":524,"passed_time":10.98382445,"remaining_time":14.12206},
{"learn":[0.1453348025],"iteration":525,"passed_time":11.00835642,"remaining_time":14.10576469},
{"learn":[0.1454507049],"iteration":526,"passed_time":11.03830115,"remaining_time":14.09635042},
{"learn":[0.1447177435],"iteration":527,"passed_time":11.06052972,"remaining_time":14.07703782},
{"learn":[0.144149433],"iteration":528,"passed_time":11.08428111,"remaining_time":14.0596458},
{"learn":[0.1441743326],"iteration":529,"passed_time":11.10651216,"remaining_time":14.04030783},
{"learn":[0.1438535406],"iteration":530,"passed_time":11.12744365,"remaining_time":14.01932166},
{"learn":[0.143207567],"iteration":531,"passed_time":11.14984512,"remaining_time":14.00018147},
{"learn":[0.1431604632],"iteration":532,"passed_time":11.172137,"remaining_time":13.98089189},
{"learn":[0.142601559],"iteration":533,"passed_time":11.19451784,"remaining_time":13.96170202},
{"learn":[0.1418784694],"iteration":534,"passed_time":11.21654232,"remaining_time":13.94205728},
{"learn":[0.1417055406],"iteration":535,"passed_time":11.24044628,"remaining_time":13.92473195},
{"learn":[0.14142701],"iteration":536,"passed_time":11.2633321,"remaining_time":13.90612511},
{"learn":[0.1413739788],"iteration":537,"passed_time":11.28655675,"remaining_time":13.88791928},
{"learn":[0.1408558979],"iteration":538,"passed_time":11.31207253,"remaining_time":13.87250454},
{"learn":[0.1409865957],"iteration":539,"passed_time":11.33786741,"remaining_time":13.8573935},
{"learn":[0.1404744476],"iteration":540,"passed_time":11.36116946,"remaining_time":13.83920642},
{"learn":[0.1405094957],"iteration":541,"passed_time":11.38450287,"remaining_time":13.82103854},
{"learn":[0.1405389389],"iteration":542,"passed_time":11.40803659,"remaining_time":13.803094},
{"learn":[0.1401819266],"iteration":543,"passed_time":11.43063179,"remaining_time":13.78399716},
{"learn":[0.1403266071],"iteration":544,"passed_time":11.45346971,"remaining_time":13.76517919},
{"learn":[0.1395440425],"iteration":545,"passed_time":11.47555424,"remaining_time":13.74544408},
{"learn":[0.1396895737],"iteration":546,"passed_time":11.5006888,"remaining_time":13.72934148},
{"learn":[0.1396478591],"iteration":547,"passed_time":11.52370613,"remaining_time":13.71068686},
{"learn":[0.1393256741],"iteration":548,"passed_time":11.54653015,"remaining_time":13.69178712},
{"learn":[0.1388214475],"iteration":549,"passed_time":11.56945602,"remaining_time":13.67299348},
{"learn":[0.1389470094],"iteration":550,"passed_time":11.59467621,"remaining_time":13.65688723},
{"learn":[0.1385474053],"iteration":551,"passed_time":11.616529,"remaining_time":13.63679492},
{"learn":[0.1379557719],"iteration":552,"passed_time":11.6400026,"remaining_time":13.61859255},
{"learn":[0.1377103755],"iteration":553,"passed_time":11.66160328,"remaining_time":13.59818722},
{"learn":[0.1378811565],"iteration":554,"passed_time":11.68202613,"remaining_time":13.57640874},
{"learn":[0.1379755535],"iteration":555,"passed_time":11.70268495,"remaining_time":13.55490846},
{"learn":[0.1380994223],"iteration":556,"passed_time":11.72542871,"remaining_time":13.53581806},
{"learn":[0.138226715],"iteration":557,"passed_time":11.74878799,"remaining_time":13.51742275},
{"learn":[0.1383470386],"iteration":558,"passed_time":11.78527931,"remaining_time":13.51406804},
{"learn":[0.138064558],"iteration":559,"passed_time":11.81819607,"remaining_time":13.5065098},
{"learn":[0.1376990492],"iteration":560,"passed_time":11.85877574,"remaining_time":13.50758948},
{"learn":[0.1378310569],"iteration":561,"passed_time":11.89444033,"remaining_time":13.50294116},
{"learn":[0.1371705185],"iteration":562,"passed_time":11.91625236,"remaining_time":13.48250933},
{"learn":[0.1368904758],"iteration":563,"passed_time":11.93831695,"remaining_time":13.46235741},
{"learn":[0.1363424358],"iteration":564,"passed_time":11.95775372,"remaining_time":13.43924534},
{"learn":[0.1363296153],"iteration":565,"passed_time":11.97987931,"remaining_time":13.41915809},
{"learn":[0.1356649435],"iteration":566,"passed_time":12.00228992,"remaining_time":13.39938187},
{"learn":[0.1353753579],"iteration":567,"passed_time":12.02382289,"remaining_time":13.37861984},
{"learn":[0.1354502464],"iteration":568,"passed_time":12.04511311,"remaining_time":13.35758589},
{"learn":[0.1350279015],"iteration":569,"passed_time":12.06630369,"remaining_time":13.33644092},
{"learn":[0.1351087593],"iteration":570,"passed_time":12.08574347,"remaining_time":13.31336715},
{"learn":[0.1347763555],"iteration":571,"passed_time":12.10650621,"remaining_time":13.29175857},
{"learn":[0.1347633591],"iteration":572,"passed_time":12.12854377,"remaining_time":13.2715479},
{"learn":[0.134520896],"iteration":573,"passed_time":12.14827789,"remaining_time":13.24881874},
{"learn":[0.1344587365],"iteration":574,"passed_time":12.16948797,"remaining_time":13.22770431},
{"learn":[0.1344061144],"iteration":575,"passed_time":12.19038023,"remaining_time":13.20624525},
{"learn":[0.1344015983],"iteration":576,"passed_time":12.21231363,"remaining_time":13.18591229},
{"learn":[0.1338440581],"iteration":577,"passed_time":12.23415923,"remaining_time":13.16547931},
{"learn":[0.1335713884],"iteration":578,"passed_time":12.25662226,"remaining_time":13.14570367},
{"learn":[0.1330425717],"iteration":579,"passed_time":12.28016683,"remaining_time":13.12707489},
{"learn":[0.1327675693],"iteration":580,"passed_time":12.30091085,"remaining_time":13.10544546},
{"learn":[0.1325833244],"iteration":581,"passed_time":12.32460345,"remaining_time":13.08695006},
{"learn":[0.1323287092],"iteration":582,"passed_time":12.34772075,"remaining_time":13.06782797},
{"learn":[0.1318957398],"iteration":583,"passed_time":12.37058325,"remaining_time":13.04842343},
{"learn":[0.1317142781],"iteration":584,"passed_time":12.39040565,"remaining_time":13.02581107},
{"learn":[0.1311610525],"iteration":585,"passed_time":12.41209535,"remaining_time":13.00516475},
{"learn":[0.1311495412],"iteration":586,"passed_time":12.43194914,"remaining_time":12.98259765},
{"learn":[0.1313141026],"iteration":587,"passed_time":12.45187233,"remaining_time":12.96011201},
{"learn":[0.131027355],"iteration":588,"passed_time":12.47158162,"remaining_time":12.93741319},
{"learn":[0.1309462428],"iteration":589,"passed_time":12.49179553,"remaining_time":12.91524623},
{"learn":[0.1306881308],"iteration":590,"passed_time":12.51468459,"remaining_time":12.8958425},
{"learn":[0.1304738019],"iteration":591,"passed_time":12.53524776,"remaining_time":12.87403824},
{"learn":[0.1301898255],"iteration":592,"passed_time":12.58219828,"remaining_time":12.87924849},
{"learn":[0.1299574106],"iteration":593,"passed_time":12.62963902,"remaining_time":12.88478324},
{"learn":[0.1299115524],"iteration":594,"passed_time":12.65431267,"remaining_time":12.86699019},
{"learn":[0.1298652844],"iteration":595,"passed_time":12.6760247,"remaining_time":12.84617268},
{"learn":[0.1293677536],"iteration":596,"passed_time":12.69829474,"remaining_time":12.82591579},
{"learn":[0.1294984956],"iteration":597,"passed_time":12.72084388,"remaining_time":12.80593313},
{"learn":[0.1292530062],"iteration":598,"passed_time":12.74329977,"remaining_time":12.78584835},
{"learn":[0.1290579465],"iteration":599,"passed_time":12.76545412,"remaining_time":12.76545412},
{"learn":[0.1283401767],"iteration":600,"passed_time":12.7872036,"remaining_time":12.74465051},
{"learn":[0.1278321666],"iteration":601,"passed_time":12.8104424,"remaining_time":12.72532318},
{"learn":[0.1275877013],"iteration":602,"passed_time":12.83483234,"remaining_time":12.70712256},
{"learn":[0.1277166998],"iteration":603,"passed_time":12.85806723,"remaining_time":12.6877617},
{"learn":[0.126952962],"iteration":604,"passed_time":12.88072934,"remaining_time":12.66782472},
{"learn":[0.1262924549],"iteration":605,"passed_time":12.90388973,"remaining_time":12.64836716},
{"learn":[0.1263805929],"iteration":606,"passed_time":12.92411819,"remaining_time":12.62603309},
{"learn":[0.126466369],"iteration":607,"passed_time":12.94781588,"remaining_time":12.60708388},
{"learn":[0.1266326439],"iteration":608,"passed_time":12.97015565,"remaining_time":12.58680129},
{"learn":[0.1267269569],"iteration":609,"passed_time":12.99105661,"remaining_time":12.56512033},
{"learn":[0.1266691046],"iteration":610,"passed_time":13.01090649,"remaining_time":12.54242868},
{"learn":[0.1264586371],"iteration":611,"passed_time":13.03249727,"remaining_time":12.52141895},
{"learn":[0.1264520304],"iteration":612,"passed_time":13.05408616,"remaining_time":12.50040551},
{"learn":[0.1263494273],"iteration":613,"passed_time":13.0754967,"remaining_time":12.47921998},
{"learn":[0.1264798889],"iteration":614,"passed_time":13.09721455,"remaining_time":12.45832603},
{"learn":[0.1264495158],"iteration":615,"passed_time":13.11732594,"remaining_time":12.43590641},
{"learn":[0.1262183638],"iteration":616,"passed_time":13.13941546,"remaining_time":12.41536339},
{"learn":[0.1263332625],"iteration":617,"passed_time":13.15839609,"remaining_time":12.39188758},
{"learn":[0.1262284569],"iteration":618,"passed_time":13.17989746,"remaining_time":12.37079229},
{"learn":[0.1263032675],"iteration":619,"passed_time":13.20008201,"remaining_time":12.34846382},
{"learn":[0.1261220936],"iteration":620,"passed_time":13.22191388,"remaining_time":12.32767816},
{"learn":[0.1260722338],"iteration":621,"passed_time":13.24361707,"remaining_time":12.30676956},
{"learn":[0.1261258532],"iteration":622,"passed_time":13.26497744,"remaining_time":12.2855409},
{"learn":[0.1257013746],"iteration":623,"passed_time":13.28741344,"remaining_time":12.26530471},
{"learn":[0.1258458474],"iteration":624,"passed_time":13.30921039,"remaining_time":12.24447356},
{"learn":[0.1254952885],"iteration":625,"passed_time":13.33102856,"remaining_time":12.22365877},
{"learn":[0.1251725219],"iteration":626,"passed_time":13.35117474,"remaining_time":12.2013128},
{"learn":[0.124870515],"iteration":627,"passed_time":13.37075199,"remaining_time":12.17845564},
{"learn":[0.1249642449],"iteration":628,"passed_time":13.39177123,"remaining_time":12.15691792},
{"learn":[0.1248653458],"iteration":629,"passed_time":13.41213077,"remaining_time":12.13478498},
{"learn":[0.124856103],"iteration":630,"passed_time":13.43124692,"remaining_time":12.11153645},
{"learn":[0.1249525077],"iteration":631,"passed_time":13.45164962,"remaining_time":12.08945725},
{"learn":[0.1245135478],"iteration":632,"passed_time":13.4702421,"remaining_time":12.06576188},
{"learn":[0.1245869088],"iteration":633,"passed_time":13.48949069,"remaining_time":12.04266834},
{"learn":[0.1243481069],"iteration":634,"passed_time":13.50875191,"remaining_time":12.01959815},
{"learn":[0.1244446537],"iteration":635,"passed_time":13.52936169,"remaining_time":11.99773584},
{"learn":[0.1239890738],"iteration":636,"passed_time":13.5486414,"remaining_time":11.97470189},
{"learn":[0.1236813236],"iteration":637,"passed_time":13.56725093,"remaining_time":11.95108938},
{"learn":[0.122592665],"iteration":638,"passed_time":13.58600521,"remaining_time":11.9276196},
{"learn":[0.1222837113],"iteration":639,"passed_time":13.60763847,"remaining_time":11.90668366},
{"learn":[0.1219875114],"iteration":640,"passed_time":13.62671113,"remaining_time":11.88351251},
{"learn":[0.1215508132],"iteration":641,"passed_time":13.64558108,"remaining_time":11.86017794},
{"learn":[0.1211688894],"iteration":642,"passed_time":13.66437954,"remaining_time":11.83679534},
{"learn":[0.1207731018],"iteration":643,"passed_time":13.68601124,"remaining_time":11.81587306},
{"learn":[0.120734917],"iteration":644,"passed_time":13.70641692,"remaining_time":11.79389363},
{"learn":[0.1206938984],"iteration":645,"passed_time":13.72635453,"remaining_time":11.77151767},
{"learn":[0.1205116573],"iteration":646,"passed_time":13.74874877,"remaining_time":11.75124895},
{"learn":[0.1205021577],"iteration":647,"passed_time":13.76997922,"remaining_time":11.7299823},
{"learn":[0.1205132735],"iteration":648,"passed_time":13.78921721,"remaining_time":11.70702417},
{"learn":[0.1200650236],"iteration":649,"passed_time":13.80904822,"remaining_time":11.68457926},
{"learn":[0.1200589015],"iteration":650,"passed_time":13.83017569,"remaining_time":11.66323572},
{"learn":[0.1198652974],"iteration":651,"passed_time":13.8653875,"remaining_time":11.65373059},
{"learn":[0.1197236033],"iteration":652,"passed_time":13.88671251,"remaining_time":11.63251415},
{"learn":[0.1196512312],"iteration":653,"passed_time":13.90620195,"remaining_time":11.60976493},
{"learn":[0.1187517815],"iteration":654,"passed_time":13.92506122,"remaining_time":11.58650132},
{"learn":[0.1183680615],"iteration":655,"passed_time":13.94394347,"remaining_time":11.56327019},
{"learn":[0.1181129938],"iteration":656,"passed_time":13.96278139,"remaining_time":11.54001567},
{"learn":[0.1181790207],"iteration":657,"passed_time":13.9822749,"remaining_time":11.51731459},
{"learn":[0.117796058],"iteration":658,"passed_time":14.00477528,"remaining_time":11.49709169},
{"learn":[0.1178726656],"iteration":659,"passed_time":14.02351414,"remaining_time":11.47378429},
{"learn":[0.1177340659],"iteration":660,"passed_time":14.04248153,"remaining_time":11.45067707},
{"learn":[0.1174738669],"iteration":661,"passed_time":14.06803292,"remaining_time":11.4329331},
{"learn":[0.1172933427],"iteration":662,"passed_time":14.08912866,"remaining_time":11.4115567},
{"learn":[0.1166225029],"iteration":663,"passed_time":14.11106805,"remaining_time":11.39086216},
{"learn":[0.1167297866],"iteration":664,"passed_time":14.14762816,"remaining_time":11.38192641},
{"learn":[0.1167357976],"iteration":665,"passed_time":14.18215541,"remaining_time":11.37127777},
{"learn":[0.1163392567],"iteration":666,"passed_time":14.20950607,"remaining_time":11.35482269},
{"learn":[0.1160692543],"iteration":667,"passed_time":14.23062404,"remaining_time":11.33337124},
{"learn":[0.1160814455],"iteration":668,"passed_time":14.25192188,"remaining_time":11.31206355},
{"learn":[0.11552941],"iteration":669,"passed_time":14.27320067,"remaining_time":11.29074083},
{"learn":[0.1147472573],"iteration":670,"passed_time":14.29402774,"remaining_time":11.26906211},
{"learn":[0.1148548282],"iteration":671,"passed_time":14.31661944,"remaining_time":11.24877242},
{"learn":[0.1148355272],"iteration":672,"passed_time":14.33618511,"remaining_time":11.22610632},
{"learn":[0.1148551094],"iteration":673,"passed_time":14.35525061,"remaining_time":11.20305908},
{"learn":[0.1149789556],"iteration":674,"passed_time":14.37429978,"remaining_time":11.18001094},
{"learn":[0.1145710048],"iteration":675,"passed_time":14.39483217,"remaining_time":11.15812434},
{"learn":[0.1144265035],"iteration":676,"passed_time":14.41353864,"remaining_time":11.13483118},
{"learn":[0.1142942593],"iteration":677,"passed_time":14.43186371,"remaining_time":11.1112579},
{"learn":[0.1139866602],"iteration":678,"passed_time":14.45093773,"remaining_time":11.08827476},
{"learn":[0.1138943469],"iteration":679,"passed_time":14.46974334,"remaining_time":11.06509785},
{"learn":[0.1137445758],"iteration":680,"passed_time":14.4882015,"remaining_time":11.04166898},
{"learn":[0.1137787431],"iteration":681,"passed_time":14.50647604,"remaining_time":11.01811523},
{"learn":[0.1136870117],"iteration":682,"passed_time":14.52483448,"remaining_time":10.99464045},
{"learn":[0.1134860515],"iteration":683,"passed_time":14.54385794,"remaining_time":10.9716823},
{"learn":[0.1135601897],"iteration":684,"passed_time":14.56384728,"remaining_time":10.94946182},
{"learn":[0.1135323964],"iteration":685,"passed_time":14.58297708,"remaining_time":10.92660381},
{"learn":[0.1134480394],"iteration":686,"passed_time":14.60325019,"remaining_time":10.9046104},
{"learn":[0.11357465],"iteration":687,"passed_time":14.62466559,"remaining_time":10.88347207},
{"learn":[0.1132864922],"iteration":688,"passed_time":14.64328898,"remaining_time":10.86026222},
{"learn":[0.1134014222],"iteration":689,"passed_time":14.66302355,"remaining_time":10.83788697},
{"learn":[0.1131413488],"iteration":690,"passed_time":14.68524293,"remaining_time":10.81734971},
{"learn":[0.1130955878],"iteration":691,"passed_time":14.7046936,"remaining_time":10.79477507},
{"learn":[0.1128293612],"iteration":692,"passed_time":14.72397671,"remaining_time":10.77208685},
{"learn":[0.1129573785],"iteration":693,"passed_time":14.74260461,"remaining_time":10.74893074},
{"learn":[0.1130867456],"iteration":694,"passed_time":14.76344471,"remaining_time":10.72739508},
{"learn":[0.1131801271],"iteration":695,"passed_time":14.78272421,"remaining_time":10.70473132},
{"learn":[0.1128740283],"iteration":696,"passed_time":14.80245091,"remaining_time":10.68240001},
{"learn":[0.1123022257],"iteration":697,"passed_time":14.82100384,"remaining_time":10.65923199},
{"learn":[0.1119910544],"iteration":698,"passed_time":14.83953461,"remaining_time":10.63606129},
{"learn":[0.11189705],"iteration":699,"passed_time":14.86035447,"remaining_time":10.61453891},
{"learn":[0.1119513914],"iteration":700,"passed_time":14.88030603,"remaining_time":10.59240044},
{"learn":[0.1115392347],"iteration":701,"passed_time":14.89910743,"remaining_time":10.56945228},
{"learn":[0.111678827],"iteration":702,"passed_time":14.91806688,"remaining_time":10.54662765},
{"learn":[0.1118072715],"iteration":703,"passed_time":14.93677653,"remaining_time":10.52363801},
{"learn":[0.1118553345],"iteration":704,"passed_time":14.9555033,"remaining_time":10.50067253},
{"learn":[0.1116770642],"iteration":705,"passed_time":14.97453977,"remaining_time":10.47793576},
{"learn":[0.1118059464],"iteration":706,"passed_time":14.99349442,"remaining_time":10.4551524},
{"learn":[0.1118376606],"iteration":707,"passed_time":15.01194436,"remaining_time":10.43202913},
{"learn":[0.1115982414],"iteration":708,"passed_time":15.03020592,"remaining_time":10.40878859},
{"learn":[0.1117386117],"iteration":709,"passed_time":15.04863283,"remaining_time":10.38567618},
{"learn":[0.1118689988],"iteration":710,"passed_time":15.06682382,"remaining_time":10.36241469},
{"learn":[0.1112833581],"iteration":711,"passed_time":15.08502349,"remaining_time":10.3391734},
{"learn":[0.1107775246],"iteration":712,"passed_time":15.10512162,"remaining_time":10.31724296},
{"learn":[0.1109165723],"iteration":713,"passed_time":15.12613395,"remaining_time":10.29593992},
{"learn":[0.1108328042],"iteration":714,"passed_time":15.14911724,"remaining_time":10.27597463},
{"learn":[0.1109603931],"iteration":715,"passed_time":15.17513012,"remaining_time":10.25804885},
{"learn":[0.1109489425],"iteration":716,"passed_time":15.20234521,"remaining_time":10.24091037},
{"learn":[0.1107042555],"iteration":717,"passed_time":15.23215251,"remaining_time":10.22548399},
{"learn":[0.1107999075],"iteration":718,"passed_time":15.25528103,"remaining_time":10.20554962},
{"learn":[0.1108579998],"iteration":719,"passed_time":15.27821672,"remaining_time":10.18547781},
{"learn":[0.110886895],"iteration":720,"passed_time":15.30022126,"remaining_time":10.16477945},
{"learn":[0.1108434499],"iteration":721,"passed_time":15.32253011,"remaining_time":10.14427894},
{"learn":[0.1108666938],"iteration":722,"passed_time":15.34402593,"remaining_time":10.12323702},
{"learn":[0.1109888809],"iteration":723,"passed_time":15.36321753,"remaining_time":10.10067893},
{"learn":[0.1107299593],"iteration":724,"passed_time":15.38286044,"remaining_time":10.0784258},
{"learn":[0.110829775],"iteration":725,"passed_time":15.40383975,"remaining_time":10.0570524},
{"learn":[0.110859246],"iteration":726,"passed_time":15.42390323,"remaining_time":10.03508422},
{"learn":[0.1108536479],"iteration":727,"passed_time":15.44214468,"remaining_time":10.01193996},
{"learn":[0.1109764647],"iteration":728,"passed_time":15.46053541,"remaining_time":9.988905595},
{"learn":[0.1107552251],"iteration":729,"passed_time":15.47904584,"remaining_time":9.965961023},
{"learn":[0.1106442225],"iteration":730,"passed_time":15.49739258,"remaining_time":9.942923555},
{"learn":[0.1102080181],"iteration":731,"passed_time":15.51576389,"remaining_time":9.919914618},
{"learn":[0.1103250579],"iteration":732,"passed_time":15.53483458,"remaining_time":9.897363913},
{"learn":[0.110452237],"iteration":733,"passed_time":15.55372655,"remaining_time":9.874709226},
{"learn":[0.1105537503],"iteration":734,"passed_time":15.57267584,"remaining_time":9.852101042},
{"learn":[0.1106738321],"iteration":735,"passed_time":15.59345758,"remaining_time":9.830658041},
{"learn":[0.1102839975],"iteration":736,"passed_time":15.61298226,"remaining_time":9.808427119},
{"learn":[0.1101623049],"iteration":737,"passed_time":15.63148073,"remaining_time":9.78556111},
{"learn":[0.1100533649],"iteration":738,"passed_time":15.64988427,"remaining_time":9.762647699},
{"learn":[0.1099283345],"iteration":739,"passed_time":15.66828804,"remaining_time":9.739746617},
{"learn":[0.1100451961],"iteration":740,"passed_time":15.6867062,"remaining_time":9.716866595},
{"learn":[0.110173489],"iteration":741,"passed_time":15.7048657,"remaining_time":9.693838934},
{"learn":[0.1096887891],"iteration":742,"passed_time":15.72421397,"remaining_time":9.671555567},
{"learn":[0.109346155],"iteration":743,"passed_time":15.74411555,"remaining_time":9.649619208},
{"learn":[0.1094843713],"iteration":744,"passed_time":15.7660555,"remaining_time":9.628933225},
{"learn":[0.1092706471],"iteration":745,"passed_time":15.78489322,"remaining_time":9.60635593},
{"learn":[0.1093150505],"iteration":746,"passed_time":15.80332658,"remaining_time":9.583543431},
{"learn":[0.109455677],"iteration":747,"passed_time":15.82173786,"remaining_time":9.560729295},
{"learn":[0.1094532033],"iteration":748,"passed_time":15.84023291,"remaining_time":9.537977359},
{"learn":[0.1090918883],"iteration":749,"passed_time":15.85833141,"remaining_time":9.514998844},
{"learn":[0.1092124055],"iteration":750,"passed_time":15.87681513,"remaining_time":9.492263638},
{"learn":[0.1090980396],"iteration":751,"passed_time":15.90076998,"remaining_time":9.472799139},
{"learn":[0.1089718616],"iteration":752,"passed_time":15.9200447,"remaining_time":9.450544462},
{"learn":[0.1088746002],"iteration":753,"passed_time":15.93954968,"remaining_time":9.428433895},
{"learn":[0.1088927917],"iteration":754,"passed_time":15.95871986,"remaining_time":9.406132899},
{"learn":[0.1086196247],"iteration":755,"passed_time":15.9817265,"remaining_time":9.386093344},
{"learn":[0.1086853907],"iteration":756,"passed_time":16.00150621,"remaining_time":9.364157533},
{"learn":[0.1082537186],"iteration":757,"passed_time":16.02103491,"remaining_time":9.34208104},
{"learn":[0.1083799546],"iteration":758,"passed_time":16.04024535,"remaining_time":9.319826348},
{"learn":[0.108163869],"iteration":759,"passed_time":16.06180662,"remaining_time":9.298940675},
{"learn":[0.1082042217],"iteration":760,"passed_time":16.08169355,"remaining_time":9.277087346},
{"learn":[0.1082184555],"iteration":761,"passed_time":16.10187029,"remaining_time":9.255405755},
{"learn":[0.1080600292],"iteration":762,"passed_time":16.12119583,"remaining_time":9.233240598},
{"learn":[0.1077426637],"iteration":763,"passed_time":16.14011212,"remaining_time":9.210849324},
{"learn":[0.1076370397],"iteration":764,"passed_time":16.15917198,"remaining_time":9.18854877},
{"learn":[0.1074883553],"iteration":765,"passed_time":16.17843573,"remaining_time":9.166372203},
{"learn":[0.1076092673],"iteration":766,"passed_time":16.19913875,"remaining_time":9.145015747},
{"learn":[0.1061338482],"iteration":767,"passed_time":16.21931108,"remaining_time":9.12336248},
{"learn":[0.1061448162],"iteration":768,"passed_time":16.23919369,"remaining_time":9.101550692},
{"learn":[0.1059464893],"iteration":769,"passed_time":16.2599619,"remaining_time":9.080238466},
{"learn":[0.1060449588],"iteration":770,"passed_time":16.28123631,"remaining_time":9.059209308},
{"learn":[0.1055728165],"iteration":771,"passed_time":16.30091552,"remaining_time":9.037295135},
{"learn":[0.1056873459],"iteration":772,"passed_time":16.32704963,"remaining_time":9.018952384},
{"learn":[0.1058259833],"iteration":773,"passed_time":16.36909347,"remaining_time":9.009346019},
{"learn":[0.1058129288],"iteration":774,"passed_time":16.39905711,"remaining_time":8.993031321},
{"learn":[0.1059290594],"iteration":775,"passed_time":16.42709456,"remaining_time":8.975628987},
{"learn":[0.106047012],"iteration":776,"passed_time":16.46878268,"remaining_time":8.965630727},
{"learn":[0.1060918553],"iteration":777,"passed_time":16.49626793,"remaining_time":8.947847127},
{"learn":[0.1060500269],"iteration":778,"passed_time":16.51671641,"remaining_time":8.926235698},
{"learn":[0.1061704259],"iteration":779,"passed_time":16.53737997,"remaining_time":8.904743063},
{"learn":[0.1057712941],"iteration":780,"passed_time":16.55967637,"remaining_time":8.88412855},
{"learn":[0.1056412171],"iteration":781,"passed_time":16.58047501,"remaining_time":8.862709149},
{"learn":[0.1057649274],"iteration":782,"passed_time":16.60387528,"remaining_time":8.842676876},
{"learn":[0.1056710017],"iteration":783,"passed_time":16.63116961,"remaining_time":8.824702242},
{"learn":[0.1049106032],"iteration":784,"passed_time":16.65162682,"remaining_time":8.803089338},
{"learn":[0.1049673074],"iteration":785,"passed_time":16.67176572,"remaining_time":8.781311716},
{"learn":[0.1049356616],"iteration":786,"passed_time":16.69236294,"remaining_time":8.759778772},
{"learn":[0.1048504083],"iteration":787,"passed_time":16.71504874,"remaining_time":8.739340204},
{"learn":[0.1048746904],"iteration":788,"passed_time":16.73462613,"remaining_time":8.717276727},
{"learn":[0.1048903218],"iteration":789,"passed_time":16.75692596,"remaining_time":8.69663246},
{"learn":[0.1048267968],"iteration":790,"passed_time":16.77600089,"remaining_time":8.674316516},
{"learn":[0.1049278624],"iteration":791,"passed_time":16.79444181,"remaining_time":8.651682146},
{"learn":[0.1050425863],"iteration":792,"passed_time":16.81404035,"remaining_time":8.629652486},
{"learn":[0.105160041],"iteration":793,"passed_time":16.8324597,"remaining_time":8.60702599},
{"learn":[0.105285819],"iteration":794,"passed_time":16.85076972,"remaining_time":8.584354386},
{"learn":[0.1053870852],"iteration":795,"passed_time":16.87054844,"remaining_time":8.562439159},
{"learn":[0.1046913074],"iteration":796,"passed_time":16.88869999,"remaining_time":8.539706521},
{"learn":[0.1045978746],"iteration":797,"passed_time":16.90703975,"remaining_time":8.517080172},
{"learn":[0.1046444562],"iteration":798,"passed_time":16.92639604,"remaining_time":8.494974736},
{"learn":[0.1046593064],"iteration":799,"passed_time":16.94533153,"remaining_time":8.472665763},
{"learn":[0.1047783287],"iteration":800,"passed_time":16.96496642,"remaining_time":8.450713611},
{"learn":[0.1043491121],"iteration":801,"passed_time":16.98761642,"remaining_time":8.430263511},
{"learn":[0.1043333633],"iteration":802,"passed_time":17.0134459,"remaining_time":8.411379854},
{"learn":[0.1042598419],"iteration":803,"passed_time":17.03470321,"remaining_time":8.390226952},
{"learn":[0.104383697],"iteration":804,"passed_time":17.05553095,"remaining_time":8.368863013},
{"learn":[0.1036970437],"iteration":805,"passed_time":17.07451835,"remaining_time":8.346600781},
{"learn":[0.1036765681],"iteration":806,"passed_time":17.09417955,"remaining_time":8.3246748}
]}